aqua/test_aqua.jl	7.471
atomicio/test_atomicio.jl	0.901
eventlog/test_eventlog.jl	1.451
eventlog/test_eventlog_shared_path.jl	2.948
init_workers/test_init_workers.jl	1.416
init_workers/test_verify_workers_adversarial.jl	24.138
manifest/test_manifest.jl	1.613
manifest/test_manifest_const.jl	0.861
preflight/test_preflight.jl	0.945
run/test_affinity.jl	166.801
run/test_artifacts.jl	10.412
run/test_double_run_safety.jl	1.077
run/test_event_log_level.jl	10.216
run/test_liveness.jl	3.558
run/test_prerequisite.jl	10.959
run/test_run_adversarial.jl	17.594
run/test_run_busy_holder.jl	28.219
run/test_run_deadline.jl	15.637
run/test_run_keylock.jl	5.684
run/test_run_kill_recovery.jl	2.002
run/test_run_loop.jl	1.081
run/test_run_loop_busy.jl	10.68
run/test_run_manifest.jl	3.274
run/test_run_minimal.jl	2.108
run/test_run_observe.jl	17.69
run/test_run_result_digest.jl	0.331
run/test_run_stop_flag.jl	0.911
run/test_run_worker_load.jl	14.171
